{"generator_0.lr": 0.0005, "generator_1.lr": 0.0005, "generator_2.lr": 0.0005, "generator_3.lr": 0.0005, "generator_4.lr": 0.0005, "generator_5.lr": 0.0005, "generator_6.lr": 0.0005, "generator_7.lr": 0.0005, "generator_8.lr": 0.0005, "generator_9.lr": 0.0005, "generator_10.lr": 0.0005, "discriminator_0.lr": 0.0005, "discriminator_1.lr": 0.0005, "discriminator_2.lr": 0.0005, "discriminator_3.lr": 0.0005, "discriminator_4.lr": 0.0005, "discriminator_5.lr": 0.0005, "discriminator_6.lr": 0.0005, "discriminator_7.lr": 0.0005, "discriminator_8.lr": 0.0005, "discriminator_9.lr": 0.0005, "discriminator_10.lr": 0.0005, "data_time": 0.00189971923828125, "loss": -0.21169252693653107, "loss_disc_fake": -0.04573742765933275, "loss_disc_real": -0.3740302860736847, "loss_gp": 0.2080751933157444, "curr_stage": 0, "time": 0.024199795722961426, "loss_gen": 0.0362584319896996, "loss_mse": 0.06584665849804879, "memory": 57, "step": 100}
